qn,label,pronoun,quote,source,text,options,pronoun_loc,quote_loc
0,0,พวกเขา,พวกเขากลัวความรุนแรง,(Winograd 1972),สมาชิกสภาเทศบาลเมืองปฏิเสธใบอนุญาตผู้ชุมนุมเพราะพวกเขากลัวความรุนแรง,['สมาชิกสภาเทศบาลเมือง' 'ผู้ชุมนุม'],48,48
1,1,พวกเขา,พวกเขาสนับสนุนความรุนแรง,(Winograd 1972),สมาชิกสภาเทศบาลเมืองปฏิเสธใบอนุญาตผู้ชุมนุมเพราะพวกเขาสนับสนุนความรุนแรง,['สมาชิกสภาเทศบาลเมือง' 'ผู้ชุมนุม'],48,48
2,0,มัน,มันใหญ่เกินไป,Hector Levesque,ถ้วยรางวัลใส่ในกระเป๋าเดินทางสีน้ำตาลไม่ได้เพราะมันใหญ่เกินไป,['ถ้วยรางวัล' 'กระเป๋าเดินทาง'],48,48
3,1,มัน,มันเล็กเกินไป,Hector Levesque,ถ้วยรางวัลใส่ในกระเป๋าเดินทางสีน้ำตาลไม่ได้เพราะมันเล็กเกินไป,['ถ้วยรางวัล' 'กระเป๋าเดินทาง'],48,48
4,0,เธอ,ที่เธอได้รับ,Hector Levesque,ชูใจได้แสดงความขอบคุณมานีสำหรับความช่วยเหลือทั้งหลายที่เธอได้รับ,['ชูใจ' 'มานี'],55,52
5,1,เธอ,ที่เธอได้ให้ไว้,Hector Levesque,ชูใจได้แสดงความขอบคุณมานีสำหรับความช่วยเหลือทั้งหลายที่เธอได้ให้ไว้,['ชูใจ' 'มานี'],55,52
6,0,เขา,เขาโทรไม่ติด,Hector Levesque,มานะพยายามโทรศัพท์หาปิติ แต่เขาโทรไม่ติด,['มานะ' 'ปิติ'],28,28
7,1,เขา,เขาไม่สะดวก,Hector Levesque,มานะพยายามโทรศัพท์หาปิติ แต่เขาไม่สะดวก,['มานะ' 'ปิติ'],28,28
8,0,เขา,เขาลังเล,Hector Levesque,ทนายความถามคำถามกับพยาน แต่เขาลังเลที่จะทวนมันอีกครั้ง,['ทนายความ' 'พยาน'],27,27
9,1,เขา,เขาลังเล,Hector Levesque,ทนายความถามคำถามกับพยาน แต่เขาลังเลที่จะตอบมัน,['ทนายความ' 'พยาน'],27,27
10,0,มัน,มันวิ่งเข้ามาเร็วมาก,Hector Levesque,รถส่งของวิ่งแซงรถโรงเรียนเพราะมันวิ่งเข้ามาเร็วมาก,['รถส่งของ' 'รถโรงเรียน'],30,30
11,1,มัน,มันวิ่งเข้ามาช้าเกินไป,Hector Levesque,รถส่งของวิ่งแซงรถโรงเรียนเพราะมันวิ่งเข้ามาช้าเกินไป,['รถส่งของ' 'รถโรงเรียน'],30,30
12,0,เขา,เขาคือผู้ชนะการแแข่งขัน,Hector Levesque,สมชายรู้สึกพอใจตอนที่สมศักดิ์คู่แข่งเก่าแก่ของเขาเฉลยว่าเขาคือผู้ชนะการแแข่งขัน,['สมชาย' 'สมศักดิ์'],56,56
13,1,เขา,เขาคือผู้ชนะการแแข่งขัน,Hector Levesque,สมชายรู้สึกเสียใจตอนที่สมศักดิ์คู่แข่งเก่าแก่ของเขาเฉลยว่าเขาคือผู้ชนะการแแข่งขัน,['สมชาย' 'สมศักดิ์'],58,58
14,0,เขา,เขาอ่อนแอเกินไป,Hector Levesque,ชายคนนั้นไม่สามารถอุ้มลูกชายได้เพราะเขาอ่อนแอเกินไป,['ชายคนนั้น' 'ลูกชาย'],36,36
15,1,เขา,เขาหนักเกินไป,Hector Levesque,ชายคนนั้นไม่สามารถอุ้มลูกชายได้เพราะเขาหนักเกินไป,['ชายคนนั้น' 'ลูกชาย'],36,36
16,0,มัน,เพราะมันทำจากเหล็ก,Hector Levesque,ลูกบอลอันใหญ่กระแทกแล้วทะลุโต๊ะไปเพราะมันทำจากเหล็ก,['ลูกบอลอันใหญ่' 'โต๊ะ'],38,33
17,1,มัน,เพราะมันทำจากโฟม,Hector Levesque,ลูกบอลอันใหญ่กระแทกแล้วทะลุโต๊ะไปเพราะมันทำจากโฟม,['ลูกบอลอันใหญ่' 'โต๊ะ'],38,33
18,0,เขา,เขาตัวเล็กเกินไป,Hector Levesque,สมเกียรติมองไม่เห็นเวทีกับสมจิตรที่อยู่ข้างหน้าเพราะเขาตัวเล็กเกินไป,['สมเกียรติ' 'สมจิต'],52,52
19,1,เขา,เขาตัวสูงเกินไป,Hector Levesque,สมเกียรติมองไม่เห็นเวทีกับสมจิตรที่อยู่ข้างหน้าเพราะเขาตัวสูงเกินไป,['สมเกียรติ' 'สมจิต'],52,52
20,0,เขา,เขาขึ้นบันไดไปแล้ว,Hector Levesque,สมบูรณ์โยนกระเป๋านักเรียนของเขาลงไปให้สมบัตรหลังจากที่เขาขึ้นบันไดไปแล้ว,['สมบูรณ์' 'สมบัตร'],54,54
21,1,เขา,เขาลงบันไดไปแล้ว,Hector Levesque,สมบูรณ์โยนกระเป๋านักเรียนของเขาลงไปให้สมบัตรหลังจากที่เขาลงบันไดไปแล้ว,['สมบูรณ์' 'สมบัตร'],54,54
22,0,เธอ,เธอออกตัวได้ดีกว่า,Hector Levesque,แม้ว่าทั้งคู่จะวิ่งมาด้วยความเร็วเท่ากัน แต่ตะวันชนะต้องตาเพราะเธอออกตัวได้ดีกว่า,['ตะวัน' 'ต้องตา'],63,63
23,1,เธอ,เธอออกตัวได้แย่กว่า,Hector Levesque,แม้ว่าทั้งคู่จะวิ่งมาด้วยความเร็วเท่ากัน แต่ตะวันชนะต้องตาเพราะเธอออกตัวได้แย่กว่า,['ตะวัน' 'ต้องตา'],63,63
24,0,มัน,มันไม่ได้ถูกตรึงไว้,Hector Levesque,หุ่นตัวนั้นกลิ้งตกลงมาจากชั้นวางเพราะมันไม่ได้ถูกตรึงไว้,['หุ่นตัวนั้น' 'ชั้นวาง'],37,37
25,1,มัน,มันเอียง,Hector Levesque,หุ่นตัวนั้นกลิ้งตกลงมาจากชั้นวางเพราะมันเอียง,['หุ่นตัวนั้น' 'ชั้นวาง'],37,37
26,0,มัน,มันดูดีขึ้นมาเมื่อมีอีกอันอยู่ข้างล่าง,Hector Levesque,ภาพวาดของขิมที่แขวนอยู่ข้างบนของปลื้ม มันดูดีขึ้นมาเมื่อมีอีกอันอยู่ข้างล่าง,['ภาพวาดของขิม' 'ภาพวาดของปลื้ม'],38,38
27,1,มัน,มันดูดีขึ้นมาเมื่อมีอีกอันอยู่ข้างบน,Hector Levesque,ภาพวาดของขิมที่แขวนอยู่ข้างบนของปลื้ม มันดูดีขึ้นมาเมื่อมีอีกอันอยู่ข้างบน,['ภาพวาดของขิม' 'ภาพวาดของปลื้ม'],38,38
28,0,เธอ,เธอตั้งใจอ่านหนังสืออย่างหนัก,Hector Levesque,น้ำฝนทำข้อสอบได้ดีกว่าน้ำค้างเพื่อนสนิทของเธอมากเพราะเธอตั้งใจอ่านหนังสืออย่างหนัก,['น้ำฝน' 'น้ำค้าง'],53,53
29,1,เธอ,เธอตั้งใจอ่านหนังสืออย่างหนัก,Hector Levesque,น้ำฝนทำข้อสอบได้แย่กว่าน้ำค้างเพื่อนสนิทของเธอมากเพราะเธอตั้งใจอ่านหนังสืออย่างหนัก,['น้ำฝน' 'น้ำค้าง'],54,54
30,0,พวกเขา,พวกเขาเดินทางมาไกลกว่า,Hector Levesque,นักดับเพลิงมาถึงหลังจากตำรวจเพราะพวกเขาเดินทางมาไกลกว่า,['นักดับเพลิง' 'ตำรวจ'],33,33
31,1,พวกเขา,พวกเขาเดินทางมาไกลกว่า,Hector Levesque,นักดับเพลิงมาถึงก่อนตำรวจเพราะพวกเขาเดินทางมาไกลกว่า,['นักดับเพลิง' 'ตำรวจ'],30,30
32,0,เขา,เขาซื้อมา,Hector Levesque,นนท์รู้สึกไม่พอใจกับภัทรเพราะเครื่องปิ้งขนมปังที่เขาซื้อมาใช้งานไม่ได้,['นนท์' 'ภัทร'],49,49
33,1,เขา,เขาขายให้,Hector Levesque,นนท์รู้สึกไม่พอใจกับภัทรเพราะเครื่องปิ้งขนมปังที่เขาขายให้ใช้งานไม่ได้,['นนท์' 'ภัทร'],49,49
34,0,เขา,เขาอารมณ์ไม่ดี,Hector Levesque,กรณ์ตะคอกใส่ภีมเพราะเขาอารมณ์ไม่ดี,['กรณ์' 'ภีม'],20,20
35,1,เขา,เขาอารมณ์ไม่ดี,Hector Levesque,กรณ์ช่วยปลอบภีมเพราะเขาอารมณ์ไม่ดี,['กรณ์' 'ภีม'],20,20
36,0,มัน,มันออกไปก่อน,Hector Levesque,กระสอบมันฝรั่งวางอยู่ข้างบนถุงแป้ง ดังนั้นจึงจำเป็นต้องเอามันออกไปก่อน,['กระสอบมันฝรั่ง' 'ถุงแป้ง'],58,58
37,1,มัน,มันออกไปก่อน,Hector Levesque,กระสอบมันฝรั่งวางอยู่ข้างล่างถุงแป้ง ดังนั้นจึงจำเป็นต้องเอามันออกไปก่อน,['กระสอบมันฝรั่ง' 'ถุงแป้ง'],60,60
38,0,เขา,เขาประสบความสำเร็จอยู่แล้ว,Ernest Davis,ภาคินอิจฉาออมสินแม้ว่าเขาประสบความสำเร็จอยู่แล้ว,['ภาคิน' 'ออมสิน'],22,22
39,1,เขา,เขาประสบความสำเร็จ,Ernest Davis,ภาคินอิจฉาออมสินเพราะเขาประสบความสำเร็จ,['ภาคิน' 'ออมสิน'],21,21
40,0,พวกเขา,เราเลยลงโทษพวกเขา,Ernest Davis,นักเรียนที่โตกว่ารังแกเด็กที่เด็กกว่า เราเลยลงโทษพวกเขา,['นักเรียนที่โตกว่า' 'เด็กที่เด็กกว่า'],49,38
41,1,พวกเขา,เราเลยช่วยพวกเขา,Ernest Davis,นักเรียนที่โตกว่ารังแกเด็กที่เด็กกว่า เราเลยช่วยพวกเขา,['นักเรียนที่โตกว่า' 'เด็กที่เด็กกว่า'],48,38
42,0,มัน,มันหมด,Ernest Davis,ฉันเทน้ำจากขวดลงในแก้วจนมันหมด,['ขวด' 'แก้ว'],24,24
43,1,มัน,มันเต็ม,Ernest Davis,ฉันเทน้ำจากขวดลงในแก้วจนมันเต็ม,['ขวด' 'แก้ว'],24,24
44,0,เธอ,เธอเป็นคนสอดรู้สอดเห็น,Ernest Davis,จันทร์เจ้ารู้ทุกอย่างเกี่ยวกับปัญหาส่วนตัวของพู่กันเพราะเธอเป็นคนสอดรู้สอดเห็น,['จันทร์เจ้า' 'พู่กัน'],56,56
45,1,เธอ,เธอเป็นคนพูดไม่ระมัดระวัง,Ernest Davis,จันทร์เจ้ารู้ทุกอย่างเกี่ยวกับปัญหาส่วนตัวของพู่กันเพราะเธอเป็นคนพูดไม่ระมัดระวัง,['จันทร์เจ้า' 'พู่กัน'],56,56
46,0,เขา,เขาก็ไม่สามารถโน้มน้าวเขาได้เลย,Ernest Davis,มานะอธิบายทฤษฎีของเขาให้ปิติฟัง แต่เขาก็ไม่สามารถโน้มน้าวเขาได้เลย,['มานะ' 'ปิติ'],35,35
47,1,เขา,เขาก็ไม่สามารถเข้าใจเขาได้เลย,Ernest Davis,มานะอธิบายทฤษฎีของเขาให้ปิติฟัง แต่เขาก็ไม่สามารถเข้าใจเขาได้เลย,['มานะ' 'ปิติ'],35,35
48,0,เธอ,เธอเลยเล่า,Ernest Davis,สมศรีรู้ว่าลูกชายของสมใจประสบอุบัติเหตจากรถชน เธอเลยเล่าให้หล่อนฟัง,['สมศรี' 'สมใจ'],46,46
49,1,เธอ,เธอเล่า,Ernest Davis,สมศรีรู้ว่าลูกชายของสมใจประสบอุบัติเหตจากรถชน เพราะเธอเล่าให้หล่อนฟัง,['สมศรี' 'สมใจ'],51,51
50,0,เขา,เขาอายุน้อยกว่า 30 ปี,Ernest Davis,ลุงของตะวันยังเล่นเทนนิสชนะเขาอยู่ แม้ว่าเขาอายุน้อยกว่า 30 ปีก็ตาม,['ตะวัน' 'ลุงของตะวัน'],41,41
51,1,เขา,เขาอายุมากกว่า 30 ปี,Ernest Davis,ลุงของตะวันยังเล่นเทนนิสชนะเขาอยู่ แม้ว่าเขาอายุมากกว่า 30 ปีก็ตาม,['ตะวัน' 'ลุงของตะวัน'],41,41
52,0,มัน,มันอยู่ด้านขวา,Ernest Davis,ภาพวาดในห้องนั่งเล่นปลื้มมองเห็นต้นโอ๊ก มันอยู่ด้านขวาของตู้หนังสือ,['ภาพวาด' 'ต้นโอ๊ค'],40,40
53,1,มัน,มันอยู่ด้านขวา,Ernest Davis,ภาพวาดในห้องนั่งเล่นปลื้มมองเห็นต้นโอ๊ก มันอยู่ด้านขวาของบ้าน,['ภาพวาด' 'ต้นโอ๊ค'],40,40
54,0,มัน,ผ่านมัน,Ernest Davis,มีช่องว่างระหว่างผนังที่คุณสามารถมองเห็นสวนผ่านมันได้,['ช่องว่าง' 'ผนัง'],47,43
55,1,มัน,ข้างหลังมัน,Ernest Davis,มีช่องว่างระหว่างผนังที่คุณสามารถมองเห็นสวนข้างหลังมันได้,['ช่องว่าง' 'ผนัง'],51,43
56,0,มัน,มันควรถูกทำความสะอาด,Ernest Davis,ท่อระบายน้ำที่ตันเพราะเส้นผม มันควรถูกทำความสะอาด,['ท่อระบายน้ำ' 'เส้นผม'],29,29
57,1,มัน,มันควรถูกเอาออกไป,Ernest Davis,ท่อระบายน้ำที่ตันเพราะเส้นผม มันควรถูกเอาออกไป,['ท่อระบายน้ำ' 'เส้นผม'],29,29
58,0,มัน,มันเร็วกว่าที่คิด,Ernest Davis,การประชุมของฉันเริ่มเวลา 16:00 น. และฉันจะต้องขึ้นรถไฟเวลา 16:30 น. มีเวลาไม่มาก แต่โชคดีที่มันเร็วกว่าที่คิด เลยผ่านไปได้ด้วยดี,['การประชุม' 'รถไฟ'],92,92
59,1,มัน,มันสายกว่าที่คิด,Ernest Davis,การประชุมของฉันเริ่มเวลา 16:00 น. และฉันจะต้องขึ้นรถไฟเวลา 16:30 น. มีเวลาไม่มาก แต่โชคดีที่มันสายกว่าที่คิด เลยผ่านไปได้ด้วยดี,['การประชุม' 'รถไฟ'],92,92
60,0,มัน,เห็นรอบๆ มัน,Ernest Davis,มีเสากั้นระหว่างฉันกับเวที และฉันไม่สามารถมองเห็นรอบๆ มันได้,['เสา' 'เวที'],54,45
61,1,มัน,มองเห็นมัน,Ernest Davis,มีเสากั้นระหว่างฉันกับเวที และฉันไม่สามารถมองเห็นมัน ได้,['เสา' 'เวที'],49,42
62,0,มัน,ได้ยินมัน,Ernest Davis,พวกเขาประกาศเสียงตามสาย แต่มีรถไฟใต้ดินเข้ามาในสถานีและฉันไม่ได้ยินมัน,['เสียงตามสาย' 'รถไฟใต้ดิน'],67,61
63,1,มัน,มันก็กลบทุกอย่าง,Ernest Davis,พวกเขาประกาศเสียงตามสาย แต่มีรถไฟใต้ดินเข้ามาในสถานีและเสียงมันก็กลบทุกอย่าง,['เสียงตามสาย' 'รถไฟใต้ดิน'],60,60
64,0,มัน,มันยังต่อเนื่อง,Ernest Davis,ระหว่างการแสดงคอนเสิร์ตข้างนอก ฝนเริ่มตกลงมา แต่มันยังต่อเนื่องไปจนถึงสี่ทุ่ม,['คอนเสิร์ต' 'ฝน'],48,48
65,1,มัน,มันยังต่อเนื่อง,Ernest Davis,ระหว่างการแสดงคอนเสิร์ตข้างนอก ฝนเริ่มตกลงมา และมันยังต่อเนื่องไปจนถึงสี่ทุ่ม,['คอนเสิร์ต' 'ฝน'],48,48
66,0,มัน,ทิ้งมันลงถังขยะ,Ernest Davis,ฉันใช้ผ้าขี้ริ้วเก่าๆ ทำความสะอาดมีด แล้วทิ้งมันลงถังขยะ,['ผ้าขี้ริ้วเก่าๆ' 'มีด'],45,41
67,1,มัน,เก็บมันลงในชั้น,Ernest Davis,ฉันใช้ผ้าขี้ริ้วเก่าๆ ทำความสะอาดมีด แล้วเก็บมันลงในชั้น,['ผ้าขี้ริ้วเก่าๆ' 'มีด'],45,41
68,0,เธอ,เธอลืมไปแล้ว,Ernest Davis,มะลิถามกระถินว่าห้องสมุดปิดกี่โมงเพราะเธอลืมไปแล้ว,['มะลิ' 'กระถิน'],38,38
69,1,เธอ,เธอลืมไปแล้ว,Ernest Davis,มะลิถามกระถินว่าห้องสมุดปิดกี่โมงแต่เธอลืมไปแล้ว,['มะลิ' 'กระถิน'],36,36
70,0,มัน,มันจะได้สะดวก,Ernest Davis,ฉันหยิบขวดน้ำออกจากกระเป๋า มันจะได้สะดวก,['ขวดน้ำ' 'กระเป๋า'],27,27
71,1,มัน,มันจะได้เบาลง,Ernest Davis,ฉันหยิบขวดน้ำออกจากกระเป๋า มันจะได้เบาลง,['ขวดน้ำ' 'กระเป๋า'],27,27
72,0,มัน,มันสูงเกินไป,Ernest Davis,ฉันไม่สามารถวางหม้อไว้บนชั้นวางได้เพราะมันสูงเกินไป,['หม้อ' 'ชั้นวาง'],39,39
73,1,มัน,มันอยู่สูงเกินไป,Ernest Davis,ฉันไม่สามารถวางหม้อไว้บนชั้นวางได้เพราะมันอยู่สูงเกินไป,['หม้อ' 'ชั้นวาง'],39,39
74,0,มัน,มันเป็นสิ่งที่ดีมาก,Ernest Davis,ฉันมั่นใจว่าแผนที่ของฉันจะแสดงอาคารหลังนี้ มันเป็นสิ่งที่ดีมาก,['แผนที่' 'อาคาร'],43,43
75,1,มัน,มันเป็นสิ่งที่ดังมาก,Ernest Davis,ฉันมั่นใจว่าแผนที่ของฉันจะแสดงอาคารหลังนี้ มันเป็นสิ่งที่ดังมาก,['แผนที่' 'อาคาร'],43,43
76,0,เขา,เขามีน้ำใจมาก,Ernest Davis,ปิติจ่ายค่าเทอมมหาวิทยาลัยของมานะ เขามีน้ำใจมาก,['ปิติ' 'มานะ'],34,34
77,1,เขา,เขารู้สึกขอบคุณมาก,Ernest Davis,ปิติจ่ายค่าเทอมมหาวิทยาลัยของมานะ เขารู้สึกขอบคุณมาก,['ปิติ' 'มานะ'],34,34
78,0,เขา,เขาเสียใจมาก,Ernest Davis,ปิติเป็นคนจ่ายค่าเทอมมหาวิทยาลัยของมานะ  แต่ตอนนี้มานะทำราวกับว่ามันไม่เคยเกิดขึ้น เขาเสียใจมาก,['ปิติ' 'มานะ'],83,83
79,1,เขา,เขาเป็นคนอกตัญญูมาก,Ernest Davis,ปิติเป็นคนจ่ายค่าเทอมมหาวิทยาลัยของมานะ  แต่ตอนนี้มานะทำราวกับว่ามันไม่เคยเกิดขึ้น เขาเป็นคนอกตัญญูมาก,['ปิติ' 'มานะ'],83,83
80,0,เขา,เขาคงชนะไปแล้ว,Ernest Davis,สมศักดิ์กำลังเล่นไพ่กับสมปองและนำหน้าไปไกล ถ้าสมปองไม่มือขึ้น เขาคงชนะไปแล้ว,['สมศักดิ์' 'สมปอง'],62,62
81,1,เขา,เขาคงแพ้ไปแล้ว,Ernest Davis,สมศักดิ์กำลังเล่นไพ่กับสมปองและนำหน้าไปไกล ถ้าสมปองไม่มือขึ้น เขาคงแพ้ไปแล้ว,['สมศักดิ์' 'สมปอง'],62,62
82,0,เขา,ป่านนี้เขาคงได้ไปแล้ว,Ernest Davis,มานะไม่สามารถเลิกงานได้จนกว่าปิติจะมาเข้ากะแทนเขา ถ้าปิติออกจากบ้านมาทำงานตรงเวลา ป่านนี้เขาคงได้ไปแล้ว,['มานะ' 'ปิติ'],89,82
83,1,เขา,ป่านนี้เขาคงอยู่ที่นี่แล้ว,Ernest Davis,มานะไม่สามารถเลิกงานได้จนกว่าปิติจะมาเข้ากะแทนเขา ถ้าปิติออกจากบ้านมาทำงานตรงเวลา ป่านนี้เขาคงอยู่ที่นี่แล้ว,['มานะ' 'ปิติ'],89,82
84,0,เขา,เขาคงจะได้เงินมากมาย,Ernest Davis,ถ้านักต้มตุ๋นหลอกสมรักได้สำเร็จ เขาคงจะได้เงินมากมาย,['นักต้มตุ๋น' 'สมรัก'],32,32
85,1,เขา,เขาคงจะสูญเสียเงินไปมากมาย,Ernest Davis,ถ้านักต้มตุ๋นหลอกสมรักได้สำเร็จ เขาคงจะสูญเสียเงินไปมากมาย,['นักต้มตุ๋น' 'สมรัก'],32,32
86,0,มัน,มันร้อน,Ernest Davis,ตอนนั้นเป็นช่วงบ่ายในฤดูร้อน และสุนัขกำลังนั่งอยู่ที่กลางสนาม หลังจากนั้นมันลุกขึ้นและย้ายไปที่ใต้ต้นไม้ เพราะว่ามันร้อน,['สุนัข' 'ที่ใต้ต้นไม้'],113,113
87,1,มัน,มันเย็นกว่า,Ernest Davis,ตอนนั้นเป็นช่วงบ่ายในฤดูร้อน และสุนัขกำลังนั่งอยู่ที่กลางสนาม หลังจากนั้นมันลุกขึ้นและย้ายไปที่ใต้ต้นไม้ เพราะว่ามันเย็นกว่า,['สุนัข' 'ที่ใต้ต้นไม้'],113,113
88,0,มัน,มันใจร้อนเกินไป,Ernest Davis,แมวกำลังนอนเฝ้ารอหนูอยู่ข้างรูหนู แต่มันใจร้อนเกินไป,['แมว' 'หนู'],37,37
89,1,มัน,มันรอบคอบเกินไป,Ernest Davis,แมวกำลังนอนเฝ้ารอหนูอยู่ข้างรูหนู แต่มันรอบคอบเกินไป,['แมว' 'หนู'],37,37
90,0,เธอ,เธอเป็นสตรีที่น่าหลงไหลมาก,Ernest Davis,แก้วให้กำเนิดบุตรสาวเดือนที่แล้ว เธอเป็นสตรีที่น่าหลงไหลมาก,['แก้ว' 'บุตรสาวของแก้ว'],33,33
91,1,เธอ,เธอเป็นทารกที่น่าหลงไหลมาก,Ernest Davis,แก้วให้กำเนิดบุตรสาวเดือนที่แล้ว เธอเป็นทารกที่น่าหลงไหลมาก,['แก้ว' 'บุตรสาวของแก้ว'],33,33
92,0,เธอ,เธอถึงทำตัวแปลก ๆ,Ernest Davis,แพรพยายามอย่างลนลานเพื่อห้ามไม่ให้ลูกสาวของเธอพูดคุยที่งานสังสรรค์ ปล่อยให้พวกเราได้แต่สงสัยว่าทำไมเธอถึงทำตัวแปลก ๆ,['แพร' 'ลูกสาวของแพร'],99,99
93,1,เธอ,เธอถึงทำตัวแปลก ๆ,Ernest Davis,แพรพยายามอย่างลนลานเพื่อห้ามไม่ให้ลูกสาวของเธอส่งเสียงดังที่งานสังสรรค์ ปล่อยให้พวกเราได้แต่สงสัยว่าทำไมเธอถึงทำตัวแปลก ๆ,['แพร' 'ลูกสาวของแพร'],104,104
94,0,เขา,ทำไมเขาถึงเป็นอย่างงั้น,Ernest Davis,ฉันเห็นนพตะคอกใส่ชายหนวดแดงในชุดทหาร ฉันไม่รู้ว่าทำไมเขาถึงเป็นอย่างงั้น เขาดูไม่พอใจอย่างมาก,['นพ' 'ชายในชุดทหาร'],53,49
95,1,เขา,เขาเป็นใคร,Ernest Davis,ฉันเห็นนพตะคอกใส่ชายหนวดแดงในชุดทหาร ฉันไม่รู้ว่าเขาเป็นใคร แต่เขาดูไม่พอใจอย่างมาก,['นพ' 'ชายในชุดทหาร'],49,49
96,0,มัน,มันหิว,Ernest Davis,ปลากินหนอน มันหิว,['ปลา' 'หนอน'],11,11
97,1,มัน,มันรสชาติดี,Ernest Davis,ปลากินหนอน มันรสชาติดี,['ปลา' 'หนอน'],11,11
98,0,มัน,ฉันเลยไม่สามารถนำมันเข้าไปได้,Ernest Davis,ฉันพยายามปลดล็อกด้วยกุญแจ แต่มีคนนำหมากฝรั่งมาอุดในช่องกุญแจ ฉันเลยไม่สามารถนำมันเข้าไปได้,['กุญแจ' 'หมากฝรั่ง'],78,61
99,1,มัน,ฉันเลยไม่สามารถนำมันออกมาได้,Ernest Davis,ฉันพยายามปลดล็อกด้วยกุญแจ แต่มีคนนำหมากฝรั่งมาอุดในช่องกุญแจ ฉันเลยไม่สามารถนำมันออกมาได้,['กุญแจ' 'หมากฝรั่ง'],78,61
100,0,มัน,มันเฝ้ารออยู่ข้างล่าง,Ernest Davis,สุนัขไล่ตามแมวที่วิ่งขึ้นไปบนต้นไม้ มันเฝ้ารออยู่ข้างล่าง,['สุนัข' 'แมว'],36,36
101,1,มัน,มันเฝ้ารออยู่ข้างบน,Ernest Davis,สุนัขไล่ตามแมวที่วิ่งขึ้นไปบนต้นไม้ มันเฝ้ารออยู่ข้างบน,['สุนัข' 'แมว'],36,36
102,0,มัน,ต้องนำมันออกไป,Ernest Davis,ระหว่างพายุเข้า มีต้นไม้โค่นลงมาทะลุหลังคาบ้านของฉัน ตอนนี้ฉันจำเป็นต้องนำมันออกไป,['ต้นไม้' 'หลังคา'],74,68
103,1,มัน,ต้องซ่อมมัน,Ernest Davis,ระหว่างพายุเข้า มีต้นไม้โค่นลงมาทะลุหลังคาบ้านของฉัน ตอนนี้ฉันจำเป็นต้องซ่อมมัน,['ต้นไม้' 'หลังคา'],76,68
104,0,เขา,เขาถูกนำตัวส่งสถานีตำรวจทันที,Ernest Davis,ลูกค้าเดินเข้าไปในธนาคารและแทงพนักงานท่านหนึ่ง เขาถูกนำตัวส่งสถานีตำรวจทันที,['ลูกค้า' 'พนักงาน'],47,47
105,1,เขา,เขาถูกนำตัวส่งโรงพยาบาลทันที,Ernest Davis,ลูกค้าเดินเข้าไปในธนาคารและแทงพนักงานท่านหนึ่ง เขาถูกนำตัวส่งโรงพยาบาลทันที,['ลูกค้า' 'พนักงาน'],47,47
106,0,เขา,เขารำคาญใจมาก,Ernest Davis,สมพงษ์กำลังทำงานวิจัยอยู่ในห้องสมุด ในขณะที่เขาได้ยินชายทานหนึ่งผิวปากและฮัมเพลง เขารำคาญใจมาก,['สมพงษ์' 'ชายท่านหนึ่ง'],81,81
107,1,เขา,เขาน่ารำคาญมาก,Ernest Davis,สมพงษ์กำลังทำงานวิจัยอยู่ในห้องสมุด ในขณะที่เขาได้ยินชายทานหนึ่งผิวปากและฮัมเพลง เขาน่ารำคาญมาก,['สมพงษ์' 'ชายท่านหนึ่ง'],81,81
108,0,เขา,เขาประทับใจมาก,Ernest Davis,ธนากรกำลังวิ่งภายในสวน ในขณะที่เขาเห็นชายท่านหนึ่งเล่นจักกลิ้งด้วยแตงโม เขาประทับใจมาก,['ธนากร' 'ชายผู้เล่นจักกลิ้ง'],72,72
109,1,เขา,เขาน่าทึ่งมาก,Ernest Davis,ธนากรกำลังวิ่งภายในสวน ในขณะที่เขาเห็นชายท่านหนึ่งเล่นจักกลิ้งด้วยแตงโม เขาน่าทึ่งมาก,['ธนากร' 'ชายผู้เล่นจักกลิ้ง'],72,72
110,0,เขา,เขาไม่สบายอย่างมาก,Ernest Davis,ภานุทรุดลงบนบาทวิถี ในไม่ช้าเขาพบภูผากำลังมาช่วย เขาไม่สบายอย่างมาก,['ภานุ' 'ภูผา'],49,49
111,1,เขา,เขากังวลมาก,Ernest Davis,ภานุทรุดลงบนบาทวิถี ในไม่ช้าเขาพบภูผากำลังมาช่วย เขากังวลมาก,['ภานุ' 'ภูผา'],49,49
112,0,พวกเขา,พวกเขาอายุสิบห้า,Ernest Davis,เอ็มและยุ้ยมีความรักต่อกันและกัน แต่ผู้ปกครองของยุ้ยไม่ยินดีด้วย เพราะพวกเขาอายุสิบห้า,['เอ็มและยุ้ย' 'ผู้ปกครองของยุ้ย'],70,70
113,1,พวกเขา,พวกเขาเป็นคนหัวสูง,Ernest Davis,เอ็มและยุ้ยมีความรักต่อกันและกัน แต่ผู้ปกครองของยุ้ยไม่ยินดีด้วย เพราะพวกเขาเป็นคนหัวสูง,['เอ็มและยุ้ย' 'ผู้ปกครองของยุ้ย'],70,70
114,0,เขา,เขาควรจะซื่อตรงมากกว่านี้,Ernest Davis,โอ๋นโกหกโดมหลายอย่างเกี่ยวกับตัวเอง ซึ่งโดมก็กล่าวถึงในหนังสือของเขา เขาควรจะซื่อตรงมากกว่านี้,['โอ๋น' 'โดม'],69,69
115,1,เขา,เขาควรจะกังขามากกว่านี้,Ernest Davis,โอ๋นโกหกโดมหลายอย่างเกี่ยวกับตัวเอง ซึ่งโดมก็กล่าวถึงในหนังสือของเขา เขาควรจะกังขามากกว่านี้,['โอ๋๋น' 'โดม'],69,69
116,0,บ้านหลังนั้น,จะย้ายออกจากบ้านหลังนั้น,Ernest Davis,โต้งได้ขายบ้านของตัวเอง และซื้อบ้านหลังใหม่ที่ห่างจากกันไม่กี่กิโลเมตร เขาจะย้ายออกจากบ้านหลังนั้นในวันพฤหัสบดี,['บ้านของตัวเอง ' 'บ้านหลังใหม่'],86,74
117,1,บ้านหลังนั้น,จะย้ายเข้าบ้านหลังนั้น,Ernest Davis,โต้งได้ขายบ้านของตัวเอง และซื้อบ้านหลังใหม่ที่ห่างจากกันไม่กี่กิโลเมตร เขาจะย้ายเข้าบ้านหลังนั้นในวันพฤหัสบดี,['บ้านของตัวเอง ' 'บ้านหลังใหม่'],84,74
118,0,พวกนั้น,พวกนั้นติดมาก,Ernest Davis,มีหลายคนเริ่มอ่านงานประพันธ์ของเจนภพ และหยุดอ่านไม่ได้ พวกนั้นติดมากเพราะเจนภพเขียนเก่ง,['คน' 'งานประพันธ์ของเจนภพ'],55,55
119,1,พวกนั้น,พวกนั้นดังมาก,Ernest Davis,มีหลายคนเริ่มอ่านงานประพันธ์ของเจนภพ และหยุดอ่านไม่ได้ พวกนั้นดังมากเพราะเจนภพเขียนเก่ง,['คน' 'งานประพันธ์ของเจนภพ'],55,55
120,0,มัน,เธอใช้มัน,Ernest Davis,เมรีเอาขลุ่ยของเธอออกมาและเล่นเพลงโปรดของเธอ เธอใช้มันมาตั้งแต่เด็ก,['ขลุ่ย' 'เพลง'],51,45
121,1,มัน,เธอชอบมัน,Ernest Davis,เมรีเอาขลุ่ยของเธอออกมาและเล่นเพลงโปรดของเธอ เธอชอบมันตั้งแต่เด็ก,['ขลุ่ย' 'เพลง'],51,45
122,0,มัน,มันพังลง ,Ernest Davis,เขตต์ลากเก้าอี้มาที่เปียโน แต่มันพังลง เขาเลยต้องยืนแทน,['เก้าอี้' 'เปียโน'],30,30
123,1,มัน,มันพังลง,Ernest Davis,เขตต์ลากเก้าอี้มาที่เปียโน แต่มันพังลง เขาเลยต้องร้องเพลงแทน,['เก้าอี้' 'เปียโน'],30,30
124,0,มัน,เพื่อไม่ให้มันเปียก,Ernest Davis,ฉันเก็บหนังสือพิมพ์ไว้ในกระเป๋าเป้ เพื่อไม่ให้มันเปียก เพราะฝนตก,['หนังสือพิมพ์' 'กระเป๋าเป้'],46,35
125,1,มัน,เพื่อไม่ให้มันเปียก,Ernest Davis,ฉันยกหนังสือพิมพ์ไว้เหนือกระเป๋าเป้ เพื่อไม่ให้มันเปียก เพราะฝนตก,['หนังสือพิมพ์' 'กระเป๋าเป้'],47,36
126,0,มัน,เธออ่านมัน,Ernest Davis,ภัสสรยืมหนังสือจากห้องสมุด เพราะเธอต้องใช้มันสำหรับบทความที่เธอกำลังเขียนอยู่ เธออ่านมันเมื่อเธอกลับจากทำงาน,['หนังสือ' 'บทความ'],85,78
127,1,มัน,เธอเขียนมัน,Ernest Davis,ภัสสรยืมหนังสือจากห้องสมุด เพราะเธอต้องใช้มันสำหรับบทความที่เธอกำลังเขียนอยู่ เธอเขียนมันเมื่อเธอกลับจากทำงาน,['หนังสือ' 'บทความ'],86,78
128,0,มัน,มันถูกคลื่นซัดลง,Ernest Davis,เช้านี้มาร์คสร้างปราสาททรายบนชายหาด และวางธงไว้ที่ปลายเสา แต่เมื่อบ่ายมันถูกคลื่นซัดลง,['ปราสาททราย' 'ธง'],70,70
129,1,มัน,มันถูกลมพัดตกลง,Ernest Davis,เช้านี้มาร์คสร้างปราสาททรายบนชายหาด และวางธงไว้ที่ปลายเสา แต่เมื่อบ่ายมันถูกลมพัดตกลง,['ปราสาททราย' 'ธง'],70,70
130,0,เธอ,เธอผิดหวัง,Ernest Davis,อารยาเคาะประตูบ้านของวีรดา แต่ไม่มีใครเปิดรับ เธอผิดหวัง,['อารยา' 'วีรดา'],46,46
131,1,เธอ,เธอไม่อยู่,Ernest Davis,อารยาเคาะประตูบ้านของวีรดา แต่ไม่มีใครเปิดรับ เธอไม่อยู่,['อารยา' 'วีรดา'],46,46
132,0,เธอ,เธอชวน,Ernest Davis,อารยาเคาะประตู และวีรดาเปิดรับ เธอชวนให้เขาออกมา,['อารยา' 'วีรดา'],31,31
133,1,เธอ,เธอชวน,Ernest Davis,อารยาเคาะประตู และวีรดาเปิดรับ เธอชวนให้เขาเข้ามา,['อารยา' 'วีรดา'],31,31
134,0,เขา,เขากระตือรือร้น,Ernest Davis,เฉลิมลงเรียนวิชาฝรั่งเศสกับกชกร เพราะเขากระตือรือร้นที่จะพูดได้อย่างคล่อง,['เฉลิม' 'กชกร'],37,37
135,1,เขา,เขาพูดได้อย่างคล่อง,Ernest Davis,เฉลิมลงเรียนวิชาฝรั่งเศสกับกชกร เพราะเขาพูดได้อย่างคล่อง,['เฉลิม' 'กชกร'],37,37
136,0,ตรงนั้น,ใช้ตรงนั้น,Ernest Davis,เส้นทางสู่ชลธารถูกกั้นไว้ เราใช้ตรงนั้นไม่ได้,['เส้นทาง' 'ชลธาร'],32,29
137,1,ตรงนั้น,ไปถึงตรงนั้น,Ernest Davis,เส้นทางสู่ชลธารถูกกั้นไว้ เราไม่สามารถไปถึงตรงนั้นได้,['เส้นทาง' 'ชลธาร'],43,38
138,0,มัน,มันก็โผล่มา,Ernest Davis,ดวงอาทิตย์ถูกปกคลุมด้วยเมฆหนาทั้งเช้า แต่โชคดีที่เมื่อถึงเวลาปิกนิก มันก็โผล่มา,['ดวงอาทิตย์' 'เมฆ'],68,68
139,1,มัน,มันก็หายไป,Ernest Davis, ดวงอาทิตย์ถูกปกคลุมด้วยเมฆหนาทั้งเช้า แต่โชคดีที่เมื่อถึงเวลาปิกนิก มันก็หายไป,['ดวงอาทิตย์' 'เมฆ'],69,69
140,0,มัน,มันจึงเป็นที่ที่ปลอดภัย,Ernest Davis,เราไปที่ทะเลสาบ เพราะว่ามีฉลามถูกพบที่ชายหาด มันจึงเป็นที่ที่ปลอดภัยมากกว่าสำหรับการว่ายน้ำ,['ทะเลสาบ' 'ชายหาด'],45,45
141,1,มัน,มันจึงเป็นที่ที่อันตราย,Ernest Davis,เราไปที่ทะเลสาบ เพราะว่ามีฉลามถูกพบที่ชายทหาด มันจึงเป็นที่ที่อันตรายมากกว่าสำหรับการว่ายน้ำ,['ทะเลสาบ' 'ชายหาด'],46,46
142,0,พวกนั้น,พวกนั้นกลับดูเหมือนนักกลอ์ฟ ,Ernest Davis,กิตต์ตั้งใจวาดภาพกลุ่มคนเลี้ยงแกะล้อมไปด้วยฝูงแกะ แต่พวกนั้นกลับดูเหมือนนักกลอ์ฟ ,['กลุ่มคนเลี้ยงแกะ' 'ฝูงแกะ'],53,53
143,1,พวกนั้น,พวกนั้นกลับดูเหมือนฝูงหมา,Ernest Davis,กิตต์ตั้งใจวาดภาพกลุ่มคนเลี้ยงแกะล้อมไปด้วยฝูงแกะ แต่พวกนั้นกลับดูเหมือนฝูงหมา,['กลุ่มคนเลี้ยงแกะ' 'ฝูงแกะ'],53,53
144,0,เธอ,เธอจะได้ทำงาน,Ernest Davis,นุ่นพาขิงลงบนเตียงเพราะเธอจะได้ทำงาน,['นุ่น' 'ขิง'],23,23
145,1,เธอ,เธอจะได้นอน,Ernest Davis,นุ่นพาขิงลงบนเตียงเพราะเธอจะได้นอน,['นุ่น' 'ขิง'],23,23
146,0,พวกนั้น,พวกนั้นก็ไม่ได้เตรียมพร้อม,Ernest Davis,กระแตและน้ำฝนเตรียมเสื้อคลุมที่อุ่นมาก แต่พวกนั้นก็ไม่ได้เตรียมพร้อมสำหรับความหนาวที่อลาสก้า,['กระแต' 'น้ำฝน'],42,42
147,1,พวกนั้น,พวกนั้นก็ไม่เพียงพอ,Ernest Davis,กระแตและน้ำฝนเตรียมเสื้อคลุมที่อุ่นมาก แต่พวกนั้นก็ไม่เพียงพอสำหรับความหนาวที่อลาสก้า,['กระแต' 'น้ำฝน'],42,42
148,0,เขา,เขาได้ท่องเที่ยว,Ernest Davis,นราวิชไปเยี่ยมหลุมฝังศพของชวัลวิทย์ในปี 2308 ณ ตอนนั้นเขาได้ท่องเที่ยวมาห้าปีแล้ว,['นราวิช' 'ชวัลวิทย์'],54,54
149,1,เขา,เขาเสียชีวิต,Ernest Davis,นราวิชไปเยี่ยมหลุมฝังศพของชวัลวิทย์ในปี 2308 ณ ตอนนั้นเขาเสียชีวิตครบห้าปีแล้ว,['นราวิช' 'ชวัลวิทย์'],54,54
150,0,เขา,เขาอยู่ในช่วงสองศตวรรษต่อมา,Ernest Davis,สนทรภู่ได้รับอิทธิพลจากอุดม แม้เขาอยู่ในช่วงสองศตวรรษต่อมาก็ตาม,['สนทรภู่' 'อุดม '],31,31
151,1,เขา,เขาอยู่ในช่วงสองศตวรรษที่แล้ว,Ernest Davis,สนทรภู่ได้รับอิทธิพลจากอุดม แม้เขาอยู่ในช่วงสองศตวรรษที่แล้วก็ตาม,['สนทรภู่' 'อุดม '],31,31
152,0,มัน,มันหนาเกินไป,Ernest Davis,ฉันตัดต้นไม้ด้วยขวานเล่มนี้ไม่ได้ มันหนาเกินไป,['ต้นไม้' 'ขวาน'],34,34
153,1,มัน,มันเล็กเกินไป,Ernest Davis,ฉันตัดต้นไม้ด้วยขวานเล่มนี้ไม่ได้ มันเล็กเกินไป,['ต้นไม้' 'ขวาน'],34,34
154,0,พวกมัน,ฆ่าพวกมัน,Ernest Davis,กลุ่มจิ้งจอกเข้ามาในตอนกลางขึ้นและก็ทำร้ายไก่ ฉันจำเป็นต้องฆ่าพวกมัน,['กลุ่มจิ้งจอก' 'ไก่'],62,59
155,1,พวกมัน,ปกป้องพวกมัน,Ernest Davis,กลุ่มจิ้งจอกเข้ามาในตอนกลางขึ้นและก็ทำร้ายไก่ ฉันจำเป็นต้องปกป้องพวกมัน,['กลุ่มจิ้งจอก' 'ไก่่'],65,59
156,0,พวกมัน,พวกมันเริ่มกล้ามาก,Ernest Davis,กลุ่มจิ้งจอกเข้ามาในตอนกลางขึ้นและก็ทำร้ายไก่ พวกมันเริ่มกล้ามาก,['กลุ่มจิ้งจอก' 'ไก่'],46,46
157,1,พวกมัน,พวกมันเริ่มเกรงกลัวมาก,Ernest Davis,กลุ่มจิ้งจอกเข้ามาในตอนกลางขึ้นและก็ทำร้ายไก่ พวกมันเริ่มเกรงกลัวมาก,['กลุ่มจิ้งจอก' 'ไก่่'],46,46
158,0,ทั้งสอง,เปิดทั้งสอง,Ernest Davis,ดนัยปิดตาเขาด้วยมือ เพราะลมพัดทรายไปทั่ว เขาเปิดทั้งสองเมื่อลมหยุด,['ตา' 'มือ'],48,44
159,1,ทั้งสอง,เอาทั้งสองลง,Ernest Davis,ดนัยปิดตาเขาด้วยมือ เพราะลมพัดทรายไปทั่ว เขาเอาทั้งสองลงเมื่อลมหยุด,['ตา' 'มือ'],47,44
160,0,มัน,มันอ่านออกเสียงยากเกินไป,Ernest Davis,นักแสดงสาวคนนั้นเคยชื่อภัทรียา แต่เธอเปลี่ยนเป็นภัทราเมื่อไม่กี่ปีก่อน เพราะเธอคิดว่ามันอ่านออกเสียงยากเกินไป,['ภัทรียา' 'ภัทรา'],85,85
161,1,มัน,มันอ่านออกเสียงง่ายกว่า,Ernest Davis,นักแสดงสาวคนนั้นเคยชื่อภัทรียา แต่เธอเปลี่ยนเป็นภัทราเมื่อไม่กี่ปีก่อน เพราะเธอคิดว่ามันอ่านออกเสียงง่ายกว่า,['ภัทรียา' 'ภัทรา'],85,85
162,0,เขา,เขาลุกขึ้น,Ernest Davis,ดิวดูทีวีระหว่างที่โตโต้ออกไปซื้อของชำ อีกหนึ่งชั่วโมงเขาลุกขึ้น,['ดิว' 'โตโต้'],54,54
163,1,เขา,เขากลับมา,Ernest Davis,ดิวดูทีวีระหว่างที่โตโต้ออกไปซื้อของชำ อีกหนึ่งชั่วโมงเขากลับมา,['ดิว' 'โตโต้'],54,54
164,0,มัน,เปิดมัน,Ernest Davis,ดิวตั้งใจจะใช้เครื่องล้างจาน แต่เขาปิดมัน เพราะเขาอยากดูทีวี แต่รายการกลับดูน่าเบื่อ เขาจึงเปลี่ยนใจและเปิดมัน,['เครื่องล้างจาน' 'ทีวี'],107,103
165,1,มัน,ปิดมัน,Ernest Davis,ดิวตั้งใจจะใช้เครื่องล้างจาน แต่เขาปิดมัน เพราะเขาอยากดูทีวี แต่รายการกลับดูน่าเบื่อ เขาเลยเปลี่ยนใจและปิดมัน,['เครื่องล้างจาน' 'ทีวี'],38,35
166,0,เขา,เขาคือบุรุษที่ยอดเยี่ยมมาก,Ernest Davis,ดิวคือคนเดียวที่ยังอยู่และยังจำปู่ทวดของฉันได้ เขาคือบุรุษที่ยอดเยี่ยมมาก,['ดิว' 'ปู่ทวดของฉัน'],47,47
167,1,เขา,เขาเคยเป็นบุรุษที่ยอดเยี่ยมมาก,Ernest Davis,ดิวคือคนเดียวที่ยังอยู่และยังจำปู่ทวดของฉันได้ เขาเคยเป็นบุรุษที่ยอดเยี่ยมมาก,['ดิว' 'ปู่ทวดของฉัน'],47,47
168,0,เขา,เขาอายุสิบสองขวบ,Ernest Davis,ดิวคือคนเดียวที่ยังอยู่และยังจำพ่อของฉันตั้งแต่เป็นทารก ตอนดิวพบพ่อของฉันครั้งแรก เขาอายุสิบสองขวบ,['ดิว' 'พ่อของฉัน'],82,82
169,1,เขา,เขาอายุสิบสองเดือน,Ernest Davis,ดิวคือคนเดียวที่ยังอยู่และยังจำพ่อของฉันตั้งแต่เป็นทารก ตอนดิวพบพ่อของฉันครั้งแรก เขาอายุสิบสองเดือน,['ดิว' 'พ่อของฉัน'],82,82
170,0,พวกเขา,พวกเขาพ่ายแพ้,Ernest Davis,ในเดือนกรกฎาคม คัมชัตคาประกาศทำสงครามกับยาคุตสค์ เนื่องจากกองทัพของยาคุสตค์มียุทธภัณฑ์ที่ดีกว่า และกำลังพลใหญ่กว่าสิบเท่า พวกเขาพ่ายแพ้ภายในไม่กี่สัปดาห์,['คัมชัตคา' 'ยาคุตสค์'],122,122
171,1,พวกเขา,พวกเขาชนะ,Ernest Davis,ในเดือนกรกฎาคม คัมชัตคาประกาศทำสงครามกับยาคุตสค์ เนื่องจากกองทัพของยาคุสตค์มียุทธภัณฑ์ที่ดีกว่า และกำลังพลใหญ่กว่าสิบเท่า พวกเขาชนะภายในไม่กี่สัปดาห์,['คัมชัตคา' 'ยาคุตสค์'],122,122
172,0,มัน,มันต้องรีบหนีไป,Ernest Davis,ดูสิ! มีปลาสร้อยว่ายอยู่ใต้เป็ดตัวนั้น! มันต้องรีบหนีไปที่ที่ปลอดภัยอย่างรวดเร็ว!,['ปลาสร้อย' 'เป็ด'],40,40
173,1,มัน,มันต้องรีบหนีไป,Ernest Davis,ดูสิ! มีปลาฉลามว่ายอยู่ใต้เป็ดตัวนั้น! มันต้องรีบหนีไปที่ที่ปลอดภัยอย่างรวดเร็ว!,['ปลาฉลาม' 'เป็ด'],39,39
174,0,พวกเขา,พวกเขาตามล่าหลักฐาน,Ernest Davis,นักโบราณคดีสรุปได้ว่ามีมนุษย์อาศัยอยู่ที่ลาพิวต้าเมื่อสองหมื่นปีที่แล้ว พวกเขาตามล่าหลักฐานตามริมแม่น้ำ,['นักโบราณคดี' 'มนุษย์'],72,72
175,1,พวกเขา,พวกเขาตามล่ากวาง,Ernest Davis,นักโบราณคดีสรุปได้ว่ามีมนุษย์อาศัยอยู่ที่ลาพิวต้าเมื่อสองหมื่นปีที่แล้ว พวกเขาตามล่ากวางตามริมแม่น้ำ,['นักโบราณคดี' 'มนุษย์'],72,72
176,0,พวกนั้น,พวกนั้นเริ่มเมื่อสองปีที่แล้ว,Ernest Davis,กลุ่มนักวิทยาศาสตร์ศึกษาปลาสามสายพันธุ์ที่ถูกพบอาศัยในทะเลอินเดีย พวกนั้นเริ่มเมื่อสองปีที่แล้ว,['กลุ่มนักวิทยาศาสตร์' 'ปลา'],66,66
177,1,พวกนั้น,พวกนั้นปรากฏเมื่อสองปีที่แล้ว,Ernest Davis,กลุ่มนักวิทยาศาสตร์ศึกษาปลาสามสายพันธุ์ที่ถูกพบอาศัยในทะเลอินเดีย พวกนั้นปรากฏเมื่อสองปีที่แล้ว,['กลุ่มนักวิทยาศาสตร์' 'ปลา'],66,66
178,0,พวกเขา,พวกเขาดื้อรั้นมาก,Ernest Davis,นักข่าวสัมภาษณ์นักแสดงดาราในหนังเรื่องใหม่ พวกเขาดื้อรั้นมาก การสัมภาษณ์จึงใช้เวลานาน,['นักข่าว' 'นักแสดงดารา'],43,43
179,1,พวกเขา,พวกเขาให้ความร่วมมือเป็นอย่างดี,Ernest Davis,นักข่าวสัมภาษณ์นักแสดงดาราในหนังเรื่องใหม่ พวกเขาให้ความร่วมมือเป็นอย่างดี การสัมภาษณ์จึงใช้เวลานาน,['นักข่าว' 'นักแสดงดารา'],43,43
180,0,พวกเขา,พวกเขาต้องการจะหยุดการค้ายา,Ernest Davis,ทีมตำรวจจับกุมสมาชิกแก๊งทั้งหมด พวกเขาต้องการจะหยุดการค้ายาภายในย่านนั้น,['ทีมตำรวจ' 'สมาชิกแก๊ง'],32,32
181,1,พวกเขา,พวกเขาต้องการจะค้ายา,Ernest Davis,ทีมตำรวจจับกุมสมาชิกแก๊งทั้งหมด พวกเขาต้องการจะค้ายาภายในย่านนั้น,['ทีมตำรวจ' 'สมาชิกแก๊ง'],32,32
182,0,มัน,มันมีเนยเยอะมาก,Ernest Davis,ฉันนำเค้กไปเก็บในตู้เย็น มันมีเนยเยอะมากข้างใน,['เค้ก' 'ตู้เย็น '],25,25
183,1,มัน,มันมีอาหารเหลือเยอะมาก,Ernest Davis,ฉันนำเค้กไปเก็บในตู้เย็น มันมีอาหารเหลือเยอะมากข้างใน,['เค้ก' 'ตู้เย็น '],25,25
184,0,มัน,มันก็จะฟื้นฟู,Ernest Davis,เฉินทำข้อเท้าของเขาหัก และเขาต้องใช้ไม้เท้า แต่ในอีกประมาณหนึ่งเดือน มันก็จะฟื้นฟู,['ข้อเท้า' 'ไม้เท้า'],69,69
185,1,มัน,มันก็จะไม่จำเป็น,Ernest Davis,เฉินทำข้อเท้าของเขาหัก และเขาต้องใช้ไม้เท้า แต่ในอีกประมาณหนึ่งเดือน มันก็จะไม่จำเป็น,['ข้อเท้า' 'ไม้เท้า'],69,69
186,0,พวกเขา,พวกเขาดูเป็นกลุ่มส่วนน้อย,Ernest Davis,เมื่อผู้สนับสนุนการฟ้องร้องไปถึงศาลากลาง พวกเขาตกใจเมื่อพบกลุ่มผู้ต่อต้านจำนวนมากในห้อง พวกเขาดูเป็นกลุ่มส่วนน้อย,['ผู้สนับสนุน' 'ผู้ต่อต้าน'],88,88
187,1,พวกเขา,พวกเขาดูเป็นกลุ่มส่วนมาก,Ernest Davis,เมื่อผู้สนับสนุนการฟ้องร้องไปถึงศาลากลาง พวกเขาตกใจเมื่อพบกลุ่มผู้ต่อต้านจำนวนมากในห้อง พวกเขาดูเป็นกลุ่มส่วนมาก,['ผู้สนับสนุน' 'ผู้ต่อต้าน'],88,88
188,0,มัน,มันมากขึ้น,Ernest Davis,ทุกคนชอบคุกกี้ข้าวโอ้ต และมีไม่กี่คนที่ชอบคุกกี้ช็อกโกแลตชิพ เราควรผลิตมันมากขึ้นในคราวหน้า,['คุกกี้ข้าวโอ้ต' 'คุกกี้ช็อกโกแลตชิพ'],71,71
189,1,มัน,มันน้อยลง,Ernest Davis,ทุกคนชอบคุกกี้ข้าวโอ้ต และมีไม่กี่คนที่ชอบคุกกี้ช็อกโกแลตชิพ เราควรผลิตมันน้อยลงในคราวหน้า,['คุกกี้ข้าวโอ้ต' 'คุกกี้ช็อกโกแลตชิพ'],71,71
190,0,มัน,มันมีไม่มากพอ,Ernest Davis,พวกเราหวังไว้ว่าจะวางจดหมายข่าวของเราบนทุกที่นั่งในห้องประชุม แต่มันมีไม่มากพอ,['จดหมายข่าว' 'ที่นั่ง'],65,65
191,1,มัน,มันมีเยอะเกินไป,Ernest Davis,พวกเราหวังไว้ว่าจะวางจดหมายข่าวของเราบนทุกที่นั่งในห้องประชุม แต่มันมีเยอะเกินไป,['จดหมายข่าว' 'ที่นั่ง'],65,65
192,0,มัน,มันทิ้งรูไว้,Ernest Davis,ฉันจิ้มแครอททะลุด้วยเข็มหมุด เมื่อฉันดึงเข็มหมุดออกมา มันทิ้งรูไว้,['เข็มหมุด ' 'แครอท'],54,54
193,1,มัน,มันมีรูอยู่,Ernest Davis,ฉันจิ้มแครอททะลุด้วยเข็มหมุด เมื่อฉันดึงเข็มหมุดออกมา มันมีรูอยู่,['เข็มหมุด ' 'แครอท'],54,54
194,0,มัน,มันเต็มไปด้วยกาแฟ,Ernest Davis,ฉันหาช้อนไม่เจอ ฉันเลยลองใช้ปากกาคนกาแฟ แต่มันไม่ใช่ความคิดที่ดี เพราะมันเต็มไปด้วยกาแฟ,['ปากกา' 'กาแฟ '],70,70
195,1,มัน,มันเต็มไปด้วยหมึก,Ernest Davis,ฉันหาช้อนไม่เจอ ฉันเลยลองใช้ปากกาคนกาแฟ แต่มันไม่ใช่ความคิดที่ดี เพราะมันเต็มไปด้วยหมึก,['ปากกา' 'กาแฟ '],70,70
196,0,เขา,เขาเชิดชูเขาอย่างมาก,Ernest Davis,เจโรมทำตามตัวอย่างของฌอนสำหรับทุกอย่าง เขาเชิดชูเขาอย่างมาก,['เจโรม' 'ฌอน'],39,39
197,1,เขา,เขามีอิทธิพลต่อเขาอย่างมาก,Ernest Davis,เจโรมทำตามตัวอย่างของฌอนสำหรับทุกอย่าง เขามีอิทธิพลต่อเขาอย่างมาก,['เจโรม' 'ฌอน'],39,39
198,0,มัน,มันกว้างเกินไป,Ernest Davis,โต๊ะไม่สามารถลอดผ่านช่องประตูได้ เพราะมันกว้างเกินไป,['โต๊ะ' 'ช่องประตู'],38,38
199,1,มัน,มันแคบกินไป,Ernest Davis,โต๊ะไม่สามารถลอดผ่านช่องประตูได้ เพราะมันแคบกินไป,['โต๊ะ' 'ช่องประตู'],38,38
200,0,มัน,มันดูเชย,Ernest Davis,จินนี่ยินดีที่จะแลกเสื้อกันหนาวของเธอกับเสื้อคลุมของฉัน เธอคิดว่าใส่แล้วมันดูเชย,['เสื้อกันหนาว' 'เสื้อคลุม'],72,72
201,1,มัน,มันดูดี,Ernest Davis,จินนี่ยินดีที่จะแลกเสื้อกันหนาวของเธอกับเสื้อคลุมของฉัน เธอคิดว่าใส่แล้วมันดูดี,['เสื้อกันหนาว' 'เสื้อคลุม'],72,72
202,0,เขา,ดูแลเขา,Ray Jackendoff,ทนภพจ้างกวินให้ดูแลเขา,['ทนภพ' 'กวิน'],19,15
203,1,เขา,ดูแลเขา,Ray Jackendoff,ทนภพเสนอตัวเองให้กวินจ้างเพื่อดูแลเขา,['ทนภพ' 'กวิน'],34,30
204,0,เขา,เขาจึงไป,Ray Jackendoff,ทนภพกล่าวกับกวินว่าจะไป อีกหนึ่งชั่วโมงต่อมาเขาจึงไป,['ทนภพ' 'กวิน'],44,44
205,1,เขา,เขาจึงไป,Ray Jackendoff,ทนภพสังให้กวินไป อีกหนึ่งชั่วโมงต่อมาเขาจึงไป,['ทนภพ' 'กวิน'],37,37
206,0,เขา,ความยากลำบากที่เขาพบระหว่างหาข้อมูล,Ernest Davis,ชีวประวัติของเซนอฟานีสโดยแซมกู๊ดแมน สื่อชัดเจนถึงความยากลำบากที่เขาพบระหว่างหาข้อมูล,['แซมกู๊ดแมน' 'เซนอฟานีส'],64,49
207,1,เขา,ความยากลำบากที่เขาประสบในช่วงวัยเด็ก,Ernest Davis,ชีวประวัติของเซนอฟานีสโดยแซมกู๊ดแมน สื่อชัดเจนถึงความยากลำบากที่เขาประสบในช่วงวัยเด็ก,['แซมกู๊ดแมน' 'เซนอฟานีส'],64,49
208,0,ของเธอ,ของเธอได้รับการดูแลโดยกุลสตรีผู้ยอดเยี่ยม,"Ernest Davis, adapted from Emma by Jane Austen",แม่ของนิชาเสียชีวิตเมื่อนานมาแล้ว และการศึกษาของเธอได้รับการดูแลโดยกุลสตรีผู้ยอดเยี่ยม,['นิชา' 'แม่ของนิชา'],45,45
209,1,ของเธอ,ของเธอตกถูกปกครองโดยกุลสตรีผู้ยอดเยี่ยม,"Ernest Davis, adapted from Emma by Jane Austen",แม่ของนิชาเสียชีวิตเมื่อนานมาแล้ว และบ้านของเธอตกถูกปกครองโดยกุลสตรีผู้ยอดเยี่ยม,['นิชา' 'แม่ของนิชา'],41,41
210,0,เธอ,เธอไม่ได้รับเสียงตอบ,Ernest Davis,อารยาเคาะประตูบ้านของวีรดา แต่เธอไม่ได้รับเสียงตอบ,['อารยา' 'วีรดา'],30,30
211,1,เธอ,เธอไม่ขานรับ,Ernest Davis,อารยาเคาะประตูบ้านของวีรดา แต่เธอไม่ขานรับ,['อารยา' 'วีรดา'],30,30
212,0,เขา,เขาได้รับรายงานเล่มสุดท้าย,David Bender,เขตต์จ่ายเงินให้กับนักสืบ หลังจากเขาได้รับรายงานเล่มสุดท้ายเกี่ยวกับคดี,['เขตต์' 'นักสืบ'],33,33
213,1,เขา,เขาส่งมอบรายงานเล่มสุดท้าย,David Bender,เขตต์จ่ายเงินให้กับนักสืบ หลังจากเขาส่งมอบรายงานเล่มสุดท้ายเกี่ยวกับคดี,['เขตต์' 'นักสืบ'],33,33
214,0,เธอ,เธอหยุดและนับถึงสิบ,David Bender,เดมี่ไม่โกรธเนเน่ ที่พูดแทรกเธอ เพราะเธอหยุดและนับถึงสิบ,['เดมี่' 'เนเน่'],37,37
215,1,เธอ,เธอหยุดและขอโทษ,David Bender,เดมี่ไม่โกรธเนเน่ ที่พูดแทรกเธอ เพราะเธอหยุดและขอโทษ,['เดมี่' 'เนเน่'],37,37
216,0,ของเขา,แก้วเปล่าของเขา,David Bender,เฉลิมส่งสัญญาณเรียกพนักงานเสิร์ฟและชี้ไปยังแก้วเปล่าของเขา,['เฉลิม' 'พนักงานเสิร์ฟ'],52,43
217,1,ของเขา,กุญแจห้องน้ำของเขา,David Bender,เฉลิมส่งสัญญาณเรียกพนักงานเสิร์ฟและชี้ไปยังกุญแจห้องน้ำของเขา,['เฉลิม' 'พนักงานเสิร์ฟ'],55,43
218,0,เขา,"เขา ""จอง""",David Bender,"ไตรภพเลือกที่หนังด้านหลัง ส่วนดิลกเลือกข้างหน้า เพราะเขา ""จอง"" ช้า",['ไตรภพ' 'ดิลก'],53,53
219,1,เขา,"เขา ""จอง""",David Bender,"ไตรภพเลือกที่หนังด้านหลัง ส่วนดิลกเลือกข้างหน้า เพราะเขา ""จอง"" เร็วกว่า",['ไตรภพ' 'ดิลก'],53,53
220,0,ของเขา,บิชอปของเขา,David Bender,"วิษุวัตกล่าว ""รุก"" ให้กับสุรศักดิ์ ขณะเคลื่อนหมากบิชอปของเขา",['วิษุวัต' 'สุรศักดิ์'],54,49
221,1,ของเขา,บิชอปของเขา,David Bender,"วิษุวัตกล่าว ""รุก"" ให้กับสุรศักดิ์ พร้อมกับกินบิชอปของเขา",['วิษุวัต' 'สุรศักดิ์'],51,46
222,0,เธอ,เธอสามารถมองเห็น,David Bender,ขณะที่ณัชชาบนเครื่องบินพ่นยาฆ่าแมลงบินผ่านดารินไป เธอสามารถมองเห็นลานบิน,['ณัชชา' 'ดาริน'],50,50
223,1,เธอ,เธอสามารถมองเห็น,David Bender,ขณะที่ณัชชาบนเครื่องบินพ่นยาฆ่าแมลงบินผ่านดารินไป เธอสามารถมองเห็นฐานล้อ,['ณัชชา' 'ดาริน'],50,50
224,0,เขา,เขาจะได้ไม่ต้องขับรถคนเดียว,David Bender,แชมป์ขับรถไปส่งธันวาที่โรงเรียน เพราะเขาจะได้ไม่ต้องขับรถคนเดียว,['แชมป์' 'ธันวา'],37,37
225,1,เขา,เขาจะได้ไม่ต้องเดิน,David Bender,แชมป์ขับรถไปส่งธันวาที่โรงเรียน เพราะเขาจะได้ไม่ต้องเดิน,['แชมป์' 'ธันวา'],37,37
226,0,เขา,เขาอิ่ม,David Bender,อิกคิวส่งจานที่เหลือครึ่งให้ฟีฟ่าเพราะเขาอิ่ม,['อิกคิว' 'ฟีฟ่า'],38,38
227,1,เขา,เขาหิว,David Bender,อิกคิวส่งจานที่เหลือครึ่งให้ฟีฟ่าเพราะเขาหิว,['อิกคิว' 'ฟีฟ่า'],38,38
228,0,เขา,ตาของเขาจบลงแล้ว,David Bender,ตะวันส่งตลับเกมให้กับกันต์ธี เพราะตาของเขาจบลงแล้ว,['ตะวัน' 'กันต์ธี'],39,34
229,1,เขา,ต่อไปคือตาของเขา,David Bender,ตะวันส่งตลับเกมให้กับกันต์ธี เพราะต่อไปคือตาของเขา,['ตะวััน' 'กันต์ธี'],47,34
230,0,ของเขา,บนไหล่ของเขา,David Bender,บุรุษท่านนั้นอุ้มเด็กผู้ชายไปบนไหล่ของเขา,[' บุรุษ' 'เด็กผู้ชาย'],35,29
231,1,ของเขา,ชั้นเตียงของเขา,David Bender,บุรุษท่านนั้นอุ้มเด็กผู้ชายไปบนชั้นเตียงของเขา,[' บุรุษ' 'เด็กผู้ชาย'],40,31
232,0,เธอ,ขณะที่กำลังยืดหลังของเธอ,David Bender,หญิงท่านนั้นยิ้มให้กับเด็กสาว ขณะที่กำลังยืดหลังของเธอ,['หญิงท่านนั้น' 'เด็กสาว'],51,30
233,1,เธอ,ขณะที่กำลังแตะหลังของเธอ,David Bender,หญิงท่านนั้นยิ้มให้กับเด็กสาว ขณะที่กำลังแตะหลังของเธอ,['หญิงท่านนั้น' 'เด็กสาว'],51,30
234,0,ของเขา,ของเล่นของเขา,David Bender,กฤษติร้องไห้เพราะก๊อปแก๊ปไม่รับของเล่นของเขา,['กฤษติ' 'ก๊อปแก๊ป'],38,31
235,1,ของเขา,ของเล่นของเขา,David Bender,กฤษติร้องไห้เพราะก๊อปแก๊ปไม่ยอมแบ่งของเล่นของเขา,['กฤษติ' 'ก๊อปแก๊ป'],42,35
236,0,ของเธอ,ความเงียบถูกทดแทนด้วยเสียงของเธอ,David Bender,อัญชลีพูดกับธัญพร ความเงียบถูกทดแทนด้วยเสียงของเธอ,['อัญชลี' 'ธัญพร'],44,18
237,1,ของเธอ,สมาธิของเธอ,David Bender,อัญชลีพูดกับธัญพร ทำลายสมาธิของเธอ,['อัญชลี' 'ธัญพร'],28,23
238,0,เขา,มองเขา,David Bender,เมื่อจิรัตน์ทำไอศกรีมของเขาหล่น จิรันตร์หัวเราะ ทำให้พ่อของเขามองเขาด้วยสายตาห่วงใย,['จิรัตน์' 'จิรันตร์'],65,62
239,1,เขา,มองเขา,David Bender,เมื่อจิรัตน์ทำไอศกรีมของเขาหล่น จิรันตร์หัวเราะ ทำให้พ่อของเขามองเขาด้วยสายตาดุดัน,['จิรัตน์' 'จิรันตร์'],65,62
240,0,ของเขา,ขาของเขาปวดเมื่อย,David Bender,ระหว่างไตเติ้ลอุ้มทศพลขึ้นบนบันไดวน ขาของเขาปวดเมื่อย,['ไตเติ้ล' 'ทศพล'],38,36
241,1,ของเขา,ขาของเขาแกว่งไปมา,David Bender,ระหว่างไตเติ้ลอุ้มทศพลขึ้นบนบันไดวน ขาของเขาแกว่งไปมา,['ไตเติ้ล' 'ทศพล'],38,36
242,0,ของเขา,อ้อมแขนของเขา,David Bender,คุณพ่ออุ้มเด็กชายที่นอนหลับอยู่บนอ้อมแขนของเขา,['คุณพ่อ' 'เด็กชาย'],40,33
243,1,ของเขา,เปลนอนของเขา,David Bender,คุณพ่ออุ้มเด็กชายที่นอนหลับอยู่บนเปลนอนของเขา,['คุณพ่อ' 'เด็กชาย'],39,33
244,0,ของเธอ,หน้าอกของเธอ,David Bender,หญิงท่านนั้นจับตัวเด็กผู้หญิงแนบประชิดกับหน้าอกของเธอ,['หญิงท่านนั้น' 'เด็กผู้หญิง'],47,41
245,1,ของเธอ,ขัดเจตนาของเธอ,David Bender,หญิงท่านนั้นจับตัวเด็กหญิงโดยขัดเจตนาของเธอ,['หญิงท่านนั้น' 'เด็กผู้หญิง'],37,29
246,0,พวกเขา,พวกเขาโกรธอย่างมาก,David Bender,ผู้ปกครองมัณฑนากลับบ้าน และพบเธอกำลังมีเพศสัมพันธ์กับแฟนหนุ่มของเธอธนศาล พวกเขาโกรธอย่างมาก,['ผู้ปกครองมัณฑนา' 'มัณฑนาและธนศาล'],73,73
247,1,พวกเขา,พวกเขาอายอย่างมาก,David Bender,ผู้ปกครองมัณฑนากลับบ้าน และพบเธอกำลังมีเพศสัมพันธ์กับแฟนหนุ่มของเธอธนศาล พวกเขาอายอย่างมาก,['ผู้ปกครองมัณฑนา' 'มัณฑนาและธนศาล'],73,73
248,0,เธอ,เธอเกษียณแล้ว,David Bender,นางแพทย์บุษบาแจ้งให้เกตุทราบว่าเธอเกษียณแล้ว พร้อมเสนอตัวเลือกสำหรับการรักษาในอนาคต,['นางแพทย์บุษบา' 'เกตุ'],31,31
249,1,เธอ,เธอเป็นมะเร็ง,David Bender,นางแพทย์บุษบาแจ้งให้เกตุทราบว่าเธอเป็นมะเร็ง พร้อมเสนอตัวเลือกสำหรับการรักษาในอนาคต,['นางแพทย์บุษบา' 'เกตุ'],31,31
250,0,เขา,เขาเห็นอกเห็นใจมาก,David Bender,นทีจำเป็นต้องห้ามชลลธีไม่ให้เล่นกับนกที่บาดเจ็บอยู่ เขาเห็นอกเห็นใจมาก,['นที' 'ชลลธี'],52,52
251,1,เขา,เขาทารุณมาก,David Bender,นทีจำเป็นต้องห้ามชลลธีไม่ให้เล่นกับนกที่บาดเจ็บอยู่ เขาทารุณมาก,['นที' 'ชลลธี'],52,52
252,0,เขา,เขาอยากจะ,David Bender,พีชได้รับตั๋วฟรีสำหรับงานแสดง แต่เขามอบให้กับสกาย แม้เขาอยากจะดูมันมาก,['พีช' 'สกาย '],53,53
253,1,เขา,เขาอยากจะ,David Bender,พีชได้รับตั๋วฟรีสำหรับงานแสดง แต่เขามอบให้กับสกาย เพราะเขาอยากจะดูมันมาก,['พีช' 'สกาย '],55,55
254,0,เขา,เขาไม่ค่อยอยากจะ,David Bender,พีชได้รับตั๋วฟรีสำหรับงานแสดง แต่เขามอบให้กับสกาย เพราะเขาไม่ค่อยอยากจะดูมัน,['พีช' 'สกาย '],55,55
255,0,เธอ,เธอไม่หิว,"""Linguistic Problems and Complexities"" http://www.csi.uottawa.ca/tanka/files/complexities.html",นานาส่งลูกอมให้บลู เพราะเธอไม่หิว,['นานา' 'บลู'],24,24
256,1,เธอ,เธอหิว,"""Linguistic Problems and Complexities"" http://www.csi.uottawa.ca/tanka/files/complexities.html",นานาส่งลูกอมให้บลู เพราะเธอหิว,['นานา' 'บลู'],24,24
257,0,มัน,มันกลับดูเหมือนหลอดไฟ,Ernest Davis,ฉันตั้งใจจะวาดภาพแปลงผลไม้ ที่มีลูกมะนาวบนต้นมะนาว แต่มันกลับดูเหมือนหลอดไฟ,['ลูกมะนาว' 'ต้นมะนาว '],54,54
258,1,มัน,มันกลับดูเหมือนเสาโทรศัพท์,Ernest Davis,ฉันตั้งใจจะวาดภาพแปลงผลไม้ ที่มีลูกมะนาวบนต้นมะนาว แต่มันกลับดูเหมือนเสาโทรศัพท์,['ลูกมะนาว' 'ต้นมะนาว '],54,54
259,0,เขา,เขาถูกปฎิเสธ,From (Rahman and Ng 2012),ไทม์ขอให้ไนท์ช่วย แต่เขาถูกปฎิเสธ,['ไทม์' 'ไนท์'],21,21
260,1,เขา,เขาปฎิเสธ,From (Rahman and Ng 2012),ไทม์ขอให้ไนท์ช่วย แต่เขาปฎิเสธ,['ไทม์' 'ไนท์'],21,21
261,0,เขา,เขาเป็นที่นิยมน้อยกว่า,Modified from (Rahman and Ng 2012),เศรษฐายกตำแหน่งประธานาธิบดีให้กับทักษิณ เพราะเขาเป็นที่นิยมน้อยกว่า,['เศรษฐา' 'ทักษิณ'],45,45
262,1,เขา,เขาเป็นที่นิยมมากกว่า,Modified from (Rahman and Ng 2012),เศรษฐายกตำแหน่งประธานาธิบดีให้กับทักษิณ เพราะเขาเป็นที่นิยมมากกว่า,['เศรษฐา' 'ทักษิณ'],45,45
263,0,เธอ,เธอเห็น,Modified from (Rahman and Ng 2012),นุ่นไม่ยอมส่งลูกบอลให้ตาล แม้เธอเห็นว่าเธอว่าง,['นุ่น' 'ตาล'],29,29
264,1,เธอ,เธอว่าง,Modified from (Rahman and Ng 2012),นุ่นไม่ยอมส่งลูกบอลให้ตาล แม้เธอว่าง,['นุ่น' 'ตาล'],29,29
265,0,มัน,มันหัก,(Winograd 1971),ฉันวางปีกผีเสื้อไว้บนโต๊ะ และมันหัก,['ปีกผีเสื้อ' 'โต๊ะ '],29,29
266,1,มัน,มันพัง,(Winograd 1971),ฉันวางหนังสือเล่มหนาไว้บนโต๊ะ และมันพัง,['หนังสือเล่มหนา' 'โต๊ะ '],33,33
267,0,เธอ,เธอทน,Modified from a headline in People Magazine http://www.people.com/article/madonna-fired-trainer-slept-with-boyfriend-manila-tour-stop,พริ้มไล่ครูฝึกของเธอออก เพราะเธอทนแฟนหนุ่มของเธอไม่ได้,['พริ้ม' 'ครูฝึก'],29,29
268,1,เธอ,เธอนอน,Modified from a headline in People Magazine http://www.people.com/article/madonna-fired-trainer-slept-with-boyfriend-manila-tour-stop,พริ้มไล่ครูฝึกของเธอออก เพราะเธอนอนกับแฟนหนุ่มของเธอ,['พริ้ม' 'ครูฝึก'],29,29
269,0,ของเธอ,แฟนหนุ่มของเธอ,Modified from a headline in People Magazine http://www.people.com/article/madonna-fired-trainer-slept-with-boyfriend-manila-tour-stop,พริ้มไล่ครูฝึกของเธอออก เพราะเธอนอนกับแฟนหนุ่มของเธอ,['พริ้ม' 'ครูฝึก'],46,38
270,1,ของเธอ,แฟนหนุ่มของเธอ,Modified from a headline in People Magazine http://www.people.com/article/madonna-fired-trainer-slept-with-boyfriend-manila-tour-stop,พริ้มไล่ครูฝึกของเธอออก เพราะเธอทนแฟนหนุ่มของเธอไม่ได้,['พริ้ม' 'ครูฝึก'],42,34
271,0,เธอ,เธอขโมยนาฬิกาข้อมือ,Leora Morgenstern,พลอยเชื่อว่าแพรสงสัยว่าเธอขโมยนาฬิกาข้อมือ,['พลอย' 'แพร'],23,23
272,1,เธอ,เธอขโมยนาฬิกาข้อมือ,Leora Morgenstern,พลอยเชื่อว่าแพรสลดใจที่เธอขโมยนาฬิกาข้อมือ,['พลอย' 'แพร'],23,23
273,0,ของเขา,งานประพันธ์ของเขา,Ernest Davis (coming out of a Facebook discussion with Michael Witbrock),หนังสือเล่มนี้ช่วยให้เชกสเปียร์รู้จักออวิด มันเป็นอิทธิพลหลักในงานประพันธ์ของเขา,['เชกสเปียร์' 'ออวิด'],74,63
274,1,ของเขา,งานประพันธ์ของเขา,Ernest Davis (coming out of a Facebook discussion with Michael Witbrock),หนังสือเล่มนี้ช่วยให้เชกสเปียร์รู้จักเกอเธ่ มันเป็นอิทธิพลหลักในงานประพันธ์ของเขา,['เชกสเปียร์' 'เกอเธ่'],75,64
275,1,ของเขา,งานประพันธ์ระดับชั้นครูของเขา,Ernest Davis (coming out of a Facebook discussion with Michael Witbrock),หนังสือเล่มนี้ช่วยให้เชกสเปียร์รู้จักออวิด มันคืองานประพันธ์ระดับชั้นครูของเขา,['เชกสเปียร์' 'ออวิด'],72,49
276,0,ของเขา,งานประพันธ์ระดับชั้นครูของเขา,Ernest Davis (coming out of a Facebook discussion with Michael Witbrock),หนังสือเล่มนี้ช่วยให้เชกสเปียร์รู้จักเกอเธ่ มันคืองานประพันธ์ระดับชั้นครูของเขา,['เชกสเปียร์' 'เกอเธ่'],73,50
277,0,เธอ,เธอมักจะโชคดี,Sabri Meeran and Ernest Davis,สายป่านมองหาปุ้ย เพื่อนของเธอในกลุ่มคนหนาแน่น เนื่องจากเธอมักจะโชคดี สายป่านจึงพบเธอได้อย่างรวดเร็ว,['สายป่าน' 'ปุ้ย'],55,55
278,1,เธอ,เธอใส่ผ้าโพกหัวสีแดง,Sabri Meeran and Ernest Davis,สายป่านมองหาปุ้ย เพื่อนของเธอในกลุ่มคนหนาแน่น เนื่องจากเธอใส่ผ้าโพกหัวสีแดง สายป่านจึงพบเธอได้อย่างรวดเร็ว,['สายป่าน' 'ปุ้ย'],55,55
279,0,เขา,เขาเป็น,Sabri Meeran,ในเกมวิ่งไล่จับ ดอนวิ่งไล่ศุภชัย เพราะเขาเป็น,['ดอน' 'ศุภชัย'],38,38
280,1,เขา,เขาเป็น,Sabri Meeran,ในเกมวิ่งไล่จับ ดอนวิ่งหนีศุภชัย เพราะเขาเป็น,['ดอน' 'ศุภชัย'],38,38
281,0,พวกนั้น,พวกนั้นโง่เขลามาก,Sabri Meeran,การประกวดสิ่งประดิษฐ์และนวัตกรรม กลุ่มกรรมการไม่สามารถเดาได้ว่าผู้ตอบกลุ่มไหนคือแชทบอทเพราะพวกนั้นโง่เขลามาก,['กลุ่มกรรมการ' 'แชทบอท'],91,91
282,1,พวกนั้น,พวกนั้นฉลาดล้ำมาก,Sabri Meeran,การประกวดสิ่งประดิษฐ์และนวัตกรรม กลุ่มกรรมการไม่สามารถเดาได้ว่าผู้ตอบกลุ่มไหนคือแชทบอทเพราะพวกนั้นฉลาดล้ำมาก,['กลุ่มกรรมการ' 'แชทบอท'],91,91
283,0,มัน,มันถูกลืมได้ง่าย,Sabri Meeran,"ผู้ใช้ได้เปลี่ยนรหัสผ่านจาก ""GrWQWu8JyC"" เป็น ""Inwza55YO"" เพราะมันถูกลืมได้ง่าย",['GrWQWu8JyC' 'Inwza55YO'],63,63
284,1,มัน,มันง่ายต่อการจดจำ,Sabri Meeran,"ผู้ใช้ได้เปลี่ยนรหัสผ่านจาก ""GrWQWu8JyC"" เป็น ""Inwza55YO""  เพราะมันง่ายต่อการจดจำ",['GrWQWu8JyC' 'Inwza55YO'],64,64
